run,source,latent_dim,action_part,n_samples,action_r2_full_latent,latent_norm_median,latent_norm_rms,static_response_median,static_response_rel_median,effective_rank,top5_eig_frac,active_units_std_gt_0.05,kl_mean_total,mlp_action_r2,mlp_action_l1,mlp_action_max_l1,mlp_action_r2_shuffled,labeleff_r2_1pct,labeleff_r2_5pct,labeleff_r2_10pct,labeleff_r2_25pct,labeleff_r2_50pct,labeleff_r2_100pct,labeleff_auc,action_knn_verb_top1,action_knn_verb_maj5,action_knn_chance,ctrl_psnr_inferred,ctrl_psnr_random_action,ctrl_delta_psnr,collapse_flag,d_same_ep_diff_action,d_diff_ep_same_action,episode_shortcut_leakage,action_separation_ratio,task_shortcut_n,d_same_task_diff_action,d_diff_task_same_action,task_shortcut_leakage,task_shortcut_ratio,rev_n,rev_d_same_verb_diff_ep,rev_d_same_task_opposite,rev_d_any_opposite,rev_hard_margin,rev_nearest_pos_beats_opp,camera_shift_px,camera_shift_h_mean,camera_shift_h_median,camera_shift_v_mean,camera_shift_v_median,reverse_za_cos_mean,reverse_za_cos_median,reverse_ze_cos_mean,reverse_ze_cos_median,reverse_za_delta_rel_median,reverse_ze_delta_rel_median
kl_ft_l40_full_5k,/home/xuan/embodied-ai/checkpoints/lam-dis/ft_l40_full_5k/step_0005000,40,32,1500,0.3433694839477539,2.1417109966278076,4.757904052734375,1.695495843887329,0.3563535213470459,13.399708641676527,0.6248264908790588,40,11.562504768371582,0.3080388307571411,0.27701735496520996,0.37634211778640747,-0.037588443607091904,-0.6429895162582397,-0.5356597900390625,-0.266830176115036,0.23412755131721497,0.2421586811542511,0.34336957335472107,-0.1896974335372493,0.04187725631768953,0.004332129963898917,0.07292418772563176,34.70174026489258,33.48216247558594,1.2195777893066406,False,nan,0.7294337397050994,nan,1.0445889501164056,1385,0.7814013301265536,0.7279267520519237,-0.05347457807462985,1.0734614821118917,1385,0.7294337397050994,0.7814013301265536,0.7814013301265536,0.05196759042145416,0.7777777777777778,8,0.3420488238334656,0.3103041648864746,0.31749147176742554,0.28593379259109497,0.007846225053071976,-0.22490057349205017,0.19061556458473206,0.21580880880355835,1.4837442636489868,1.2589826583862305
ours_a_zero_5k,/home/xuan/embodied-ai/checkpoints/lam-dis/ft_l40_ours_a_zero_5k/step_0005000,40,32,1500,0.36293625831604004,2.0904901027679443,4.641879558563232,0.1631401777267456,0.03514528647065163,12.998898660732392,0.6344299912452698,40,11.016905784606934,0.3257318437099457,0.2724238634109497,0.37994545698165894,-0.03881893679499626,-0.4475339353084564,-0.4142131805419922,-0.1350378692150116,0.24163351953029633,0.24316512048244476,0.36293625831604004,-0.09921603112147034,0.03754512635379061,0.0021660649819494585,0.07292418772563176,34.70622253417969,33.48663330078125,1.2195892333984375,False,nan,0.7332715379117658,nan,1.0425168412365988,1385,0.7892558897106109,0.7316345389932182,-0.057621350717392716,1.0787570127521369,1385,0.7332715379117658,0.7892558897106109,0.7892558897106109,0.05598435179884509,0.783625730994152,8,0.3247286379337311,0.2952366769313812,0.3208228647708893,0.2884224057197571,-0.01717735081911087,-0.24294686317443848,-0.3093731999397278,-0.4137299656867981,1.4950840473175049,1.6126638650894165
ours_b2_zero_action_reverse_5k,/home/xuan/embodied-ai/checkpoints/lam-dis/ft_l40_ours_b2_zero_action_reverse_5k/step_0005000,40,32,1500,0.3665359914302826,2.139040946960449,4.645229339599609,0.13475044071674347,0.029008351266384125,13.253534590592764,0.6394844651222229,40,11.060985565185547,0.32674652338027954,0.27843835949897766,0.39161184430122375,-0.04100095480680466,-0.37865644693374634,-0.45384883880615234,-0.2040744423866272,0.2765653431415558,0.2673262357711792,0.36653608083724976,-0.09914114648275929,0.034657039711191336,0.001444043321299639,0.07292418772563176,34.65827178955078,33.46316146850586,1.1951103210449219,False,nan,0.8703678510256831,nan,1.0174103066771725,1385,0.895954627934398,0.8715608298903814,-0.024393798044016535,1.0279886351100527,1385,0.8703678510256831,0.895954627934398,0.895954627934398,0.025586776908714803,0.7923976608187134,8,0.45557862520217896,0.4049672484397888,0.47768741846084595,0.4127112030982971,-0.48403018712997437,-0.5000374913215637,-0.43129777908325195,-0.49426430463790894,1.702650547027588,1.7088180780410767
ours_c_zero_reverse_hardneg_5k,/home/xuan/embodied-ai/checkpoints/lam-dis/ft_l40_ours_c_zero_reverse_hardneg_5k/step_0005000,40,32,1500,0.36575281620025635,2.3590753078460693,4.801158905029297,0.18839852511882782,0.039240218698978424,15.320777288955185,0.5915555953979492,40,11.810242652893066,0.33214837312698364,0.27960675954818726,0.3763201832771301,-0.0515509657561779,-0.5436817407608032,-0.45402923226356506,-0.08065935969352722,0.2589555084705353,0.27101582288742065,0.3657529354095459,-0.10903810313475801,0.0332129963898917,0.0007220216606498195,0.07292418772563176,35.003719329833984,33.60643005371094,1.3972892761230469,False,nan,0.8836569669445122,nan,1.0085717739697206,1385,0.8917194743651546,0.8891298178178695,-0.0025896565472851574,1.0029125741768967,1385,0.8836569669445122,0.8917194743651546,0.8917194743651546,0.008062507420642406,0.7777777777777778,8,0.4472784698009491,0.41688433289527893,0.44816142320632935,0.4133186340332031,-0.44579899311065674,-0.4529307782649994,0.945433497428894,0.9505631327629089,1.6994400024414062,0.366056352853775
ours_r_zero_opposite_5k,/home/xuan/embodied-ai/checkpoints/lam-dis/ft_l40_ours_r_zero_opposite_5k/step_0005000,40,32,1500,0.4024859070777893,2.295072555541992,4.796489715576172,0.22696630656719208,0.04731925204396248,14.017529009664575,0.6085378527641296,40,11.77030086517334,0.3654422163963318,0.2686486840248108,0.3665657937526703,-0.04490239918231964,-0.4838808476924896,-0.2757583260536194,-0.13408493995666504,0.2915784418582916,0.29822319746017456,0.4024861752986908,-0.05079615581865831,0.04187725631768953,0.005776173285198556,0.07292418772563176,34.82516860961914,33.60932540893555,1.2158432006835938,False,nan,0.6379958003141886,nan,1.0727422896943957,1385,0.675278275289435,0.6340352894194159,-0.04124298587001907,1.065048407491301,1385,0.6379958003141886,0.675278275289435,0.675278275289435,0.037282474975246394,0.7923976608187134,8,0.33106428384780884,0.3018549382686615,0.33251604437828064,0.30382880568504333,0.09014056622982025,-0.05708365887403488,-0.15887980163097382,-0.24375668168067932,1.391099214553833,1.5339664220809937
ours_r2_opp_l01_5k,/home/xuan/embodied-ai/checkpoints/lam-dis/ft_l40_ours_r2_opp_l01_5k/step_0005000,40,32,1500,0.40195149183273315,2.312293529510498,4.83662223815918,0.22642505168914795,0.04681470990180969,14.127261022245154,0.6089228987693787,40,11.975068092346191,0.3653516173362732,0.2691948413848877,0.36550915241241455,-0.047680675983428955,-0.5231510996818542,-0.3012203574180603,-0.15807104110717773,0.2919292747974396,0.29689908027648926,0.4019513428211212,-0.06839348124126704,0.04548736462093863,0.008664259927797834,0.07292418772563176,34.821372985839844,33.71769714355469,1.1036758422851562,False,nan,0.6259802608334564,nan,1.0720304770889912,1385,0.6590538780343116,0.6231740570740442,-0.03587982096026743,1.0575759220926686,1385,0.6259802608334564,0.6590538780343116,0.6590538780343116,0.03307361720085522,0.7923976608187134,8,0.33354273438453674,0.3072327673435211,0.3369397819042206,0.3131013512611389,0.11196781694889069,0.0012425873428583145,-0.15822099149227142,-0.2442418485879898,1.362199306488037,1.5401136875152588
ours_r2_opp_l03_5k,/home/xuan/embodied-ai/checkpoints/lam-dis/ft_l40_ours_r2_opp_l03_5k/step_0005000,40,32,1500,0.3804298937320709,2.417874336242676,4.8098297119140625,0.26648467779159546,0.0554041787981987,14.35607055297602,0.606633186340332,40,11.852394104003906,0.33176344633102417,0.2724609375,0.37054938077926636,-0.05814976990222931,-0.7317745089530945,-0.6023412942886353,-0.187480628490448,0.27206286787986755,0.2891186773777008,0.38043010234832764,-0.19153040432416485,0.047653429602888084,0.006498194945848376,0.07292418772563176,34.857688903808594,33.607627868652344,1.25006103515625,False,nan,0.529163260173119,nan,1.0915803140692646,1385,0.5405749437527144,0.5255473335668838,-0.015027610185830653,1.0285942087915059,1385,0.529163260173119,0.5405749437527144,0.5405749437527144,0.011411683579595433,0.7690058479532164,8,0.3311535716056824,0.3123394548892975,0.3366575837135315,0.31203705072402954,0.2631586194038391,0.2638245224952698,-0.11926519125699997,-0.17928948998451233,1.2024526596069336,1.502347707748413
ours_r2_opp_l05_5k,/home/xuan/embodied-ai/checkpoints/lam-dis/ft_l40_ours_r2_opp_l05_5k/step_0005000,40,32,1500,0.3812435567378998,2.418834686279297,4.773426055908203,0.29389750957489014,0.06156950816512108,13.544781948502573,0.6294673085212708,40,11.69510269165039,0.32814690470695496,0.27309101819992065,0.3669312000274658,-0.046071264892816544,-0.5652989149093628,-0.5215795040130615,-0.04425354674458504,0.2622777223587036,0.29016798734664917,0.38124343752861023,-0.11871247093807835,0.04404332129963899,0.007942238267148015,0.07292418772563176,34.81633377075195,33.58124542236328,1.2350883483886719,False,nan,0.46149195553835476,nan,1.1014075915049357,1385,0.46366892290405737,0.456782636055706,-0.006886286848351353,1.015075631831836,1385,0.46149195553835476,0.46366892290405737,0.46366892290405737,0.002176967365702609,0.7894736842105263,8,0.33468303084373474,0.31607675552368164,0.324692964553833,0.3022145628929138,0.3700099587440491,0.404973566532135,-0.02961372397840023,-0.06522725522518158,1.093796968460083,1.4320249557495117
ours_r2_opp_l08_5k,/home/xuan/embodied-ai/checkpoints/lam-dis/ft_l40_ours_r2_opp_l08_5k/step_0005000,40,32,1500,0.3335684537887573,2.3620100021362305,4.725816249847412,0.3266661465167999,0.06912374496459961,12.157242018280643,0.6621769666671753,40,11.471454620361328,0.31066134572029114,0.2762993574142456,0.37364062666893005,-0.043747443705797195,-0.7259855270385742,-0.3271641135215759,-0.1568744033575058,0.1733294129371643,0.24976219236850739,0.333568274974823,-0.14307969566140571,0.053429602888086646,0.009386281588447653,0.07292418772563176,34.744606018066406,33.490623474121094,1.2539825439453125,False,nan,0.39374433507095735,nan,1.1007476248162043,1385,0.38981140396516617,0.3900893743874978,0.0002779704223316304,0.9992874186261338,1385,0.39374433507095735,0.38981140396516617,0.38981140396516617,-0.003932931105791182,0.7953216374269005,8,0.35048800706863403,0.34195688366889954,0.30009159445762634,0.28125452995300293,0.4846680462360382,0.5200163125991821,0.07183465361595154,0.0839117243885994,0.9816053509712219,1.3448007106781006
