run,source,latent_dim,action_part,n_samples,action_r2_full_latent,latent_norm_median,latent_norm_rms,static_response_median,static_response_rel_median,effective_rank,top5_eig_frac,active_units_std_gt_0.05,kl_mean_total,mlp_action_r2,mlp_action_l1,mlp_action_max_l1,mlp_action_r2_shuffled,mlp_action_r2_za,mlp_action_l1_za,mlp_action_max_l1_za,mlp_action_r2_shuffled_za,mlp_action_r2_ze,mlp_action_l1_ze,mlp_action_max_l1_ze,mlp_action_r2_shuffled_ze,action_r2_za_linear,action_r2_ze_linear,labeleff_r2_1pct,labeleff_r2_5pct,labeleff_r2_10pct,labeleff_r2_25pct,labeleff_r2_50pct,labeleff_r2_100pct,labeleff_auc,action_knn_verb_top1,action_knn_verb_maj5,action_knn_chance_majority,action_knn_null_top1_mean,action_knn_null_top1_std,action_knn_null_maj5_mean,action_knn_top1_z,gtact_knn_verb_top1,gtact_knn_verb_maj5,gtact_knn_chance_majority,gtact_knn_null_top1_mean,gtact_knn_null_top1_std,gtact_knn_null_maj5_mean,gtact_knn_top1_z,probeact_knn_verb_top1,probeact_knn_verb_maj5,probeact_knn_chance_majority,probeact_knn_null_top1_mean,probeact_knn_null_top1_std,probeact_knn_null_maj5_mean,probeact_knn_top1_z,opp_cls_bal_acc,opp_cls_bal_acc_shuffled,opp_cls_n_tasks,opp_cls_bal_acc_static,opp_cls_bal_acc_shuffled_static,opp_cls_n_tasks_static,opp_cls_direction_gain,ctrl_psnr_inferred,ctrl_psnr_random_action,ctrl_delta_psnr,zeroact_motion_suppression,zeroact_still_margin,swap_n,swap_psnr_own,swap_psnr_same_verb,swap_psnr_opp_verb,swap_opp_delta_psnr,swap_context_cost_psnr,collapse_flag,d_same_ep_diff_action,d_diff_ep_same_action,episode_shortcut_leakage,action_separation_ratio,task_shortcut_n,d_same_task_diff_action,d_diff_task_same_action,task_shortcut_leakage,task_shortcut_ratio,rev_n,rev_d_same_verb_diff_ep,rev_d_same_task_opposite,rev_d_any_opposite,rev_hard_margin,rev_nearest_pos_beats_opp,camera_shift_px,camera_shift_h_mean,camera_shift_h_median,camera_shift_v_mean,camera_shift_v_median,reverse_za_cos_mean,reverse_za_cos_median,reverse_ze_cos_mean,reverse_ze_cos_median,reverse_za_delta_rel_median,reverse_ze_delta_rel_median
raw_lam,/home/xuan/embodied-ai/checkpoints/pretrained/LAM_400k.ckpt,32,32,1500,0.12443237751722336,4.047727584838867,4.182733535766602,2.812105655670166,0.6723129153251648,26.073154440196326,0.34983956813812256,32,34.01725387573242,0.09318458288908005,0.33506467938423157,0.42405936121940613,-0.061924610286951065,0.09318458288908005,0.33506467938423157,0.42405936121940613,nan,nan,nan,nan,nan,0.12443237751722336,nan,-0.11775768143019524,0.021735585634435377,0.029478933925252953,0.0770601974486954,0.10054658634615837,0.12764695319536967,0.028213698580880884,0.06064981949458484,0.007942238267148015,0.07292418772563176,0.03992779783393501,0.0073067022428596915,0.004584837545126353,2.836029301850907,0.021660649819494584,0.001444043321299639,0.07292418772563176,0.038375451263537905,0.005580041065572406,0.004223826714801445,-2.9954620848885636,0.0368231046931408,0.0,0.07292418772563176,0.036931407942238266,0.008583483268160563,0.004187725631768953,-0.012617633857248522,0.7485119047619049,0.46900300767160014,28.0,0.9598214285714285,0.4956153105181466,28.0,-0.21130952380952361,38.789520263671875,32.23894119262695,6.550579071044922,1.3674577474594116,4.702072620391846,101.0,40.0601921081543,34.462459564208984,34.20145034790039,0.2610101103782654,5.597733974456787,True,nan,0.7528603348692704,nan,1.0600136417424328,1385,0.7629223218878172,0.7476867748694452,-0.015235547018371931,1.0203769112019299,1385,0.7528603348692704,0.7629223218878172,0.7629223218878172,0.01006198701854677,0.7923976608187134,8,0.4539342522621155,0.37973254919052124,0.4225166141986847,0.3426354229450226,0.00626860186457634,-0.06105320528149605,nan,nan,1.4602268934249878,nan
kl_ft_l40_full_5k,/home/xuan/embodied-ai/checkpoints/lam-dis/ft_l40_full_5k/step_0005000,40,32,1500,0.3433694839477539,2.1417109966278076,4.757904052734375,1.695495843887329,0.3563535213470459,13.399708641676527,0.6248264908790588,40,11.562504768371582,0.3080388307571411,0.27701735496520996,0.37634211778640747,-0.037588443607091904,0.329992413520813,0.2684646546840668,0.3695087730884552,nan,0.1581551432609558,0.3120340406894684,0.40169715881347656,nan,0.3541810214519501,0.14853735268115997,-0.09014038893046553,0.1543747517253651,0.20885250665096258,0.33541560725863484,0.3174992645610005,0.3673260760869579,0.19338154529577248,0.04187725631768953,0.004332129963898917,0.07292418772563176,0.03592057761732852,0.005802624453359825,0.0036823104693140796,1.0265490638312784,0.021660649819494584,0.001444043321299639,0.07292418772563176,0.038375451263537905,0.005580041065572406,0.004223826714801445,-2.9954620848885636,0.04043321299638989,0.0036101083032490976,0.07292418772563176,0.03581227436823105,0.004850996976820455,0.0032129963898916967,0.9525750377168031,0.7157738095238095,0.504111303612354,28.0,0.9642857142857142,0.5225486902220096,28.0,-0.24851190476190466,34.70174026489258,33.53605651855469,1.1656837463378906,0.6394873857498169,6.181056976318359,101.0,36.666046142578125,35.65810775756836,35.27394104003906,0.38416460156440735,1.0079379081726074,False,nan,0.7294337397050994,nan,1.0445889501164056,1385,0.7814013301265536,0.7279267520519237,-0.05347457807462985,1.0734614821118917,1385,0.7294337397050994,0.7814013301265536,0.7814013301265536,0.05196759042145416,0.7777777777777778,8,0.3420488238334656,0.3103041648864746,0.31749147176742554,0.28593379259109497,0.007846225053071976,-0.22490057349205017,0.19061556458473206,0.21580880880355835,1.4837442636489868,1.2589826583862305
contrastive_v3_5k,/home/xuan/embodied-ai/checkpoints/lam-dis/ft_l40_contrastive_v3_5k/step_0005000,40,32,1500,0.2939804494380951,6.854501247406006,10.223825454711914,4.831487655639648,0.4725714325904846,15.547936916255278,0.5845469832420349,40,52.845428466796875,0.2673584520816803,0.30135923624038696,0.39099785685539246,-0.04906200245022774,0.2604050040245056,0.29638373851776123,0.3958451449871063,nan,0.037887439131736755,0.3154785633087158,0.4016960561275482,nan,0.30279698967933655,0.028077589347958565,-0.10823566771893402,0.07111826782839521,0.12191343468293228,0.2650969714705697,0.25046478366000896,0.29427229321630194,0.12633826514750396,0.0736462093862816,0.008664259927797834,0.07292418772563176,0.0351985559566787,0.009427499060425415,0.0063898916967509035,4.078245267718748,0.021660649819494584,0.001444043321299639,0.07292418772563176,0.038375451263537905,0.005580041065572406,0.004223826714801445,-2.9954620848885636,0.0368231046931408,0.0021660649819494585,0.07292418772563176,0.03765342960288808,0.005893550179201186,0.003646209386281589,-0.14088705186180792,0.775297619047619,0.46918441036088093,28.0,0.9717261904761906,0.49768589691121207,28.0,-0.19642857142857162,35.10414123535156,33.2945556640625,1.8095855712890625,-0.17069855332374573,5.615419387817383,101.0,37.079986572265625,35.606712341308594,35.22829055786133,0.3784177303314209,1.4732754230499268,False,nan,0.5388597454946578,nan,1.1537895866311842,1385,0.5039174616574774,0.5429239427274637,0.039006481069986276,0.9281547966478857,1385,0.5388597454946578,0.5039174616574774,0.5039174616574774,-0.034942283837180343,0.7192982456140351,8,0.562080979347229,0.5556415319442749,0.44013476371765137,0.4281122088432312,0.19618158042430878,0.20455309748649597,0.9896658658981323,0.9917150139808655,1.2644659280776978,0.14259815216064453
ours_a_zero_5k,/home/xuan/embodied-ai/checkpoints/lam-dis/ft_l40_ours_a_zero_5k/step_0005000,40,32,1500,0.36293625831604004,2.0904901027679443,4.641879558563232,0.1631401777267456,0.03514528647065163,12.998898660732392,0.6344299912452698,40,11.016905784606934,0.3257318437099457,0.2724238634109497,0.37994545698165894,-0.03881893679499626,0.30229651927948,0.27028727531433105,0.3652808964252472,nan,0.1480257511138916,0.3102157711982727,0.3918665051460266,nan,0.3743765354156494,0.15990681946277618,-0.06348827792690494,0.1581809124501358,0.23499758272689164,0.33128113572978546,0.3181516701022727,0.37912327902347415,0.20382255490766032,0.03754512635379061,0.0021660649819494585,0.07292418772563176,0.0367870036101083,0.007553585502123166,0.0033574007220216603,0.10036594455298303,0.021660649819494584,0.001444043321299639,0.07292418772563176,0.038375451263537905,0.005580041065572406,0.004223826714801445,-2.9954620848885636,0.026714801444043323,0.001444043321299639,0.07292418772563176,0.037725631768953063,0.005896203238650207,0.003357400722021661,-1.8674441635140113,0.7083333333333334,0.499136841508165,28.0,0.9747023809523808,0.5021116765470757,28.0,-0.26636904761904745,34.70622253417969,33.54707336425781,1.159149169921875,0.9399696588516235,6.571264266967773,101.0,36.6600341796875,35.718605041503906,35.3073844909668,0.41122183203697205,0.9414286017417908,False,nan,0.7332715379117658,nan,1.0425168412365988,1385,0.7892558897106109,0.7316345389932182,-0.057621350717392716,1.0787570127521369,1385,0.7332715379117658,0.7892558897106109,0.7892558897106109,0.05598435179884509,0.783625730994152,8,0.3247286379337311,0.2952366769313812,0.3208228647708893,0.2884224057197571,-0.01717735081911087,-0.24294686317443848,-0.3093731999397278,-0.4137299656867981,1.4950840473175049,1.6126638650894165
ours_b_zero_reverse_5k,/home/xuan/embodied-ai/checkpoints/lam-dis/ft_l40_ours_b_zero_reverse_5k/step_0005000,40,32,1500,0.37024161219596863,2.2849221229553223,4.758774280548096,0.1468089073896408,0.030850151553750038,13.547972900048597,0.6254892945289612,40,11.577668190002441,0.34068429470062256,0.27539071440696716,0.38488495349884033,-0.048612382262945175,0.31502676010131836,0.27157098054885864,0.37657520174980164,nan,0.05653630197048187,0.3114325702190399,0.40184399485588074,nan,0.380107581615448,0.06840822100639343,-0.08630947709160997,0.13888088399224582,0.2088509044863002,0.3449469694865134,0.31324542304808534,0.3762424993591421,0.19187351635547034,0.032490974729241874,0.0021660649819494585,0.07292418772563176,0.03509025270758123,0.00851373456923245,0.002996389891696751,-0.3053040891987421,0.021660649819494584,0.001444043321299639,0.07292418772563176,0.038375451263537905,0.005580041065572406,0.004223826714801445,-2.9954620848885636,0.027436823104693142,0.005776173285198556,0.07292418772563176,0.03454873646209387,0.0067278898875800805,0.0033212996389891695,-1.0570793333775519,0.6845238095238095,0.4950454147276626,28.0,0.9672619047619048,0.5302588619946814,28.0,-0.28273809523809523,34.759605407714844,33.55299377441406,1.2066116333007812,1.3102372884750366,6.604089736938477,101.0,36.75448226928711,35.690696716308594,35.301513671875,0.3891790807247162,1.0637898445129395,False,nan,0.8823457801656238,nan,1.0137997733980149,1385,0.9004430023557043,0.8842631451681777,-0.01617985718752657,1.0182975591326373,1385,0.8823457801656238,0.9004430023557043,0.9004430023557043,0.018097222190080475,0.7748538011695907,8,0.3917238712310791,0.3547824025154114,0.4251413643360138,0.3750044107437134,-0.49844205379486084,-0.5091723799705505,0.9492456316947937,0.9532805681228638,1.713437557220459,0.3415084481239319
ours_b2_zero_action_reverse_5k,/home/xuan/embodied-ai/checkpoints/lam-dis/ft_l40_ours_b2_zero_action_reverse_5k/step_0005000,40,32,1500,0.3665359914302826,2.139040946960449,4.645229339599609,0.13475044071674347,0.029008351266384125,13.253534590592764,0.6394844651222229,40,11.060985565185547,0.32674652338027954,0.27843835949897766,0.39161184430122375,-0.04100095480680466,0.304779589176178,0.2761539816856384,0.37077808380126953,nan,0.17615386843681335,0.3145939111709595,0.40603476762771606,nan,0.36746126413345337,0.15757624804973602,-0.061668675255398396,0.1412854680154344,0.2167089262346316,0.34906923346199176,0.32917572851395166,0.3808014581796002,0.20161476852506843,0.034657039711191336,0.001444043321299639,0.07292418772563176,0.035776173285198554,0.007897725607923461,0.0034296028880866428,-0.1417032737734567,0.021660649819494584,0.001444043321299639,0.07292418772563176,0.038375451263537905,0.005580041065572406,0.004223826714801445,-2.9954620848885636,0.02815884476534296,0.0007220216606498195,0.07292418772563176,0.03631768953068592,0.006672745906461819,0.003140794223826715,-1.222711741120251,0.6845238095238095,0.4966512566565087,28.0,0.9776785714285713,0.5131039405855582,28.0,-0.29315476190476175,34.65827178955078,33.47378158569336,1.1844902038574219,0.8890864849090576,6.628058433532715,101.0,36.61680221557617,35.684043884277344,35.3150520324707,0.36899420619010925,0.9327589273452759,False,nan,0.8703678510256831,nan,1.0174103066771725,1385,0.895954627934398,0.8715608298903814,-0.024393798044016535,1.0279886351100527,1385,0.8703678510256831,0.895954627934398,0.895954627934398,0.025586776908714803,0.7923976608187134,8,0.45557862520217896,0.4049672484397888,0.47768741846084595,0.4127112030982971,-0.48403018712997437,-0.5000374913215637,-0.43129777908325195,-0.49426430463790894,1.702650547027588,1.7088180780410767
ours_c_zero_reverse_hardneg_5k,/home/xuan/embodied-ai/checkpoints/lam-dis/ft_l40_ours_c_zero_reverse_hardneg_5k/step_0005000,40,32,1500,0.36575281620025635,2.3590753078460693,4.801158905029297,0.18839852511882782,0.039240218698978424,15.320777288955185,0.5915555953979492,40,11.810242652893066,0.33214837312698364,0.27960675954818726,0.3763201832771301,-0.0515509657561779,0.2998061180114746,0.2823365032672882,0.3802400529384613,nan,0.09659972786903381,0.3100544512271881,0.40638548135757446,nan,0.37419208884239197,0.08228842914104462,-0.097874952725026,0.12781200744337237,0.22129619977652248,0.34377238544031896,0.3212922345913982,0.37714120285065345,0.19033358935065417,0.0332129963898917,0.0007220216606498195,0.07292418772563176,0.036137184115523455,0.006250702107079311,0.003032490974729242,-0.46781748282643837,0.021660649819494584,0.001444043321299639,0.07292418772563176,0.038375451263537905,0.005580041065572406,0.004223826714801445,-2.9954620848885636,0.025992779783393503,0.0007220216606498195,0.07292418772563176,0.03635379061371841,0.006491271883746449,0.0029241877256317695,-1.5961449490766106,0.6755952380952381,0.5055877639517345,28.0,0.9851190476190476,0.491155886888555,28.0,-0.3095238095238094,35.003719329833984,33.531105041503906,1.4726142883300781,1.2587255239486694,6.893613815307617,101.0,36.92985534667969,35.75963592529297,35.45515823364258,0.30447953939437866,1.1702139377593994,False,nan,0.8836569669445122,nan,1.0085717739697206,1385,0.8917194743651546,0.8891298178178695,-0.0025896565472851574,1.0029125741768967,1385,0.8836569669445122,0.8917194743651546,0.8917194743651546,0.008062507420642406,0.7777777777777778,8,0.4472784698009491,0.41688433289527893,0.44816142320632935,0.4133186340332031,-0.44579899311065674,-0.4529307782649994,0.945433497428894,0.9505631327629089,1.6994400024414062,0.366056352853775
ours_r_zero_opposite_5k,/home/xuan/embodied-ai/checkpoints/lam-dis/ft_l40_ours_r_zero_opposite_5k/step_0005000,40,32,1500,0.4024859070777893,2.295072555541992,4.796489715576172,0.22696630656719208,0.04731925204396248,14.017529009664575,0.6085378527641296,40,11.77030086517334,0.3654422163963318,0.2686486840248108,0.3665657937526703,-0.04490239918231964,0.3658832609653473,0.2617330253124237,0.3548400402069092,nan,0.16755032539367676,0.31161758303642273,0.3978794813156128,nan,0.4040576219558716,0.1654738187789917,-0.1452775482981529,0.17260118181713893,0.25983169411113494,0.3721370488612054,0.35842846275103385,0.41443867483417385,0.2133344094831894,0.04187725631768953,0.005776173285198556,0.07292418772563176,0.03776173285198556,0.0051415851417703756,0.004620938628158846,0.800438649215268,0.021660649819494584,0.001444043321299639,0.07292418772563176,0.038375451263537905,0.005580041065572406,0.004223826714801445,-2.9954620848885636,0.038267148014440436,0.0,0.07292418772563176,0.037292418772563174,0.007403011004651553,0.004332129963898918,0.13166659366909056,0.6979166666666666,0.5027232104963197,28.0,0.9702380952380951,0.5061981756572093,28.0,-0.2723214285714285,34.82516860961914,33.65149688720703,1.1736717224121094,1.0958341360092163,6.802770614624023,101.0,36.77879333496094,35.837554931640625,35.55892562866211,0.2786256670951843,0.9412364363670349,False,nan,0.6379958003141886,nan,1.0727422896943957,1385,0.675278275289435,0.6340352894194159,-0.04124298587001907,1.065048407491301,1385,0.6379958003141886,0.675278275289435,0.675278275289435,0.037282474975246394,0.7923976608187134,8,0.33106428384780884,0.3018549382686615,0.33251604437828064,0.30382880568504333,0.09014056622982025,-0.05708365887403488,-0.15887980163097382,-0.24375668168067932,1.391099214553833,1.5339664220809937
ours_r2_opp_l01_5k,/home/xuan/embodied-ai/checkpoints/lam-dis/ft_l40_ours_r2_opp_l01_5k/step_0005000,40,32,1500,0.40195149183273315,2.312293529510498,4.83662223815918,0.22642505168914795,0.04681470990180969,14.127261022245154,0.6089228987693787,40,11.975068092346191,0.3653516173362732,0.2691948413848877,0.36550915241241455,-0.047680675983428955,0.35992634296417236,0.26288026571273804,0.35740232467651367,nan,0.15840281546115875,0.3113449811935425,0.39618155360221863,nan,0.4048168957233429,0.1524924486875534,-0.12831643682700122,0.16492457783005943,0.24920215292600575,0.3663771275179381,0.3518373549765015,0.4090761567198962,0.2101195195788522,0.04548736462093863,0.008664259927797834,0.07292418772563176,0.03700361010830325,0.006457453510078198,0.0054873646209386276,1.313792580836195,0.021660649819494584,0.001444043321299639,0.07292418772563176,0.038375451263537905,0.005580041065572406,0.004223826714801445,-2.9954620848885636,0.03537906137184116,0.0021660649819494585,0.07292418772563176,0.0368231046931408,0.00588790845859209,0.004187725631768954,-0.24525573579398627,0.7127976190476192,0.48785578625389553,28.0,0.962797619047619,0.4995767712679477,28.0,-0.24999999999999978,34.821372985839844,33.61315155029297,1.208221435546875,1.152604103088379,6.849234104156494,101.0,36.767433166503906,35.84492111206055,35.582523345947266,0.26239731907844543,0.9225145578384399,False,nan,0.6259802608334564,nan,1.0720304770889912,1385,0.6590538780343116,0.6231740570740442,-0.03587982096026743,1.0575759220926686,1385,0.6259802608334564,0.6590538780343116,0.6590538780343116,0.03307361720085522,0.7923976608187134,8,0.33354273438453674,0.3072327673435211,0.3369397819042206,0.3131013512611389,0.11196781694889069,0.0012425873428583145,-0.15822099149227142,-0.2442418485879898,1.362199306488037,1.5401136875152588
